id,link,modelo,version,precio,ciudad,km,año,ESTADO,UBICACIÓN,PLACA,TIPO DE CAJA,COMBUSTIBLE,CILINDRAJE,COLOR,PUERTAS,AIRBAGS,DIRECCIÓN
4aa6064e-16b9-4aaa-9170-ff0fd739e522,https://www.carroya.com/detalle/usado/nissan/march/2020/pereira/4aa6064e-16b9-4aaa-9170-ff0fd739e522,Nissan March,Active,$38.000.000,Pereira,61.000 km,2020,usado,Pereira,**6 Pereira,Mecánica,Gasolina,16,Gris,5,,
09258ec0-1b37-434f-b597-402739d9d34e,https://www.carroya.com/detalle/usado/renault/duster/2016/el-carmen-de-viboral/09258ec0-1b37-434f-b597-402739d9d34e,Renault Duster,Dynamique 2.0 4x2 Mecanica,$43.000.000,El carmen de viboral,144.000 km,2016,usado,El carmen de viboral,**8 Sabaneta,Mecánica,Gasolina,20,Gris,,,
ec6a3a55-1fe0-423b-91b4-82ee9f287ce3,https://www.carroya.com/detalle/usado/mazda/3/2022/ibague/ec6a3a55-1fe0-423b-91b4-82ee9f287ce3,Mazda 3,2.0 Sedan Touring Aut,$92.000.000,Ibague,20.100 km,2022,usado,Ibague,**1 Ibague,Automática,Gasolina,2.000,Rojo,,,
2281550,https://www.carroya.com/detalle/usado/skoda/octavia/2013/bogota/2281550,Skoda Octavia,Ambiente 1.6 Mecanico,$33.500.000,Bogota,85.000 km,2013,usado,Bogota,**4 Bogota,Mecánica,Gasolina,1.600,Azul,,Airbags,
2280021,https://www.carroya.com/detalle/usado/bmw/serie-3/2018/bogota/2280021,BMW Serie 3,320i Sport Line F30,$94.000.000,Bogota,37.000 km,2018,usado,Bogota,**6 Bogota,Secuencial,Gasolina,2.000,Gris,,Airbags,
2282432,https://www.carroya.com/detalle/usado/dodge/journey/2014/bogota/2282432,Dodge Journey,2.4 SE 5 Puestos,$48.500.000,Bogota,45.000 km,2014,usado,Bogota,**4 Bogota,Automática,Gasolina,2.400,Blanco,,Airbags,
2280612,https://www.carroya.com/detalle/usado/bmw/serie-3/2011/bogota/2280612,BMW Serie 3,320i Executive Automatico,$55.000.000,Bogota,70.000 km,2011,usado,Bogota,**4 Bogota,Automática,Gasolina,2.000,Gris,,Airbags,
2282219,https://www.carroya.com/detalle/usado/chevrolet/tracker/2016/bogota/2282219,Chevrolet Tracker,1.8 LT MCM Automatica,$51.000.000,Bogota,40.000 km,2016,usado,Bogota,**4 Bogota,Automática,Gasolina,1.800,Azul,,Airbags,
2274048,https://www.carroya.com/detalle/usado/mini/countryman/2014/bogota/2274048,Mini Countryman,Cooper S,$69.000.000,Bogota,55.000 km,2014,usado,Bogota,**0 Bogota,Secuencial,Gasolina,1.600,Rojo,,Airbags,
2281931,https://www.carroya.com/detalle/usado/audi/q3/2015/bogota/2281931,AUDI Q3,2.0 AMBITION T 4X4 S-TRONIC,$67.000.000,Bogota,60.000 km,2015,usado,Bogota,**1 Bogota,Secuencial,Gasolina,2.000,Beige,,Airbags,
2282524,https://www.carroya.com/detalle/usado/subaru/outback/2014/bogota/2282524,Subaru Outback,3.6 PREMIUM AWD Aut,$66.000.000,Bogota,60.000 km,2014,usado,Bogota,**5 Bogota,Secuencial,Gasolina,3.600,Plateado,,Airbags,
44e724ea-ce8f-4168-872c-1a2ea63c176f,https://www.carroya.com/detalle/usado/bmw/m/2019/bogota/44e724ea-ce8f-4168-872c-1a2ea63c176f,BMW M,240i,$145.000.000,Bogota,30.700 km,2019,usado,Bogota,**3 Medellin,Automática,Gasolina,2.998,Gris,,,
0a74a06d-4cd4-4b9f-83b1-5654d24a7f22,https://www.carroya.com/detalle/usado/jeep/compass/2011/bogota/0a74a06d-4cd4-4b9f-83b1-5654d24a7f22,JEEP Compass,2.4 Limited Automatico,$39.900.000,Bogota,141.500 km,2011,usado,Bogota,**0 Bucaramanga,Automática,Gasolina,2.400,Azul,,,
7072a54a-8dc1-4600-8dbe-9f1a37c81d8e,https://www.carroya.com/detalle/usado/byd/tang/2023/medellin/7072a54a-8dc1-4600-8dbe-9f1a37c81d8e,BYD Tang,,$260.000.000,Medellin,40.000 km,2023,usado,Medellin,**4 Medellin,Automática,Eléctrico,0,Gris,,,
27fe8b7b-5769-45d5-a92f-98d0416679c7,https://www.carroya.com/detalle/usado/volkswagen/golf/2017/bogota/27fe8b7b-5769-45d5-a92f-98d0416679c7,Volkswagen Golf,1.6 4p Automatico Full Equipo,$61.900.000,Bogota,27.000 km,2017,usado,Bogota,**1 Bogota,Automática,Gasolina,16,Plateado,,,
3c157c91-11b3-49ed-8aa2-297c915c84f3,https://www.carroya.com/detalle/usado/kia/rio/2014/medellin/3c157c91-11b3-49ed-8aa2-297c915c84f3,KIA Rio,1.4 Automatico,$42.000.000,Medellin,118.000 km,2014,usado,Medellin,**4 Envigado,Automática,Gasolina,1.400,Blanco,,,
3921ecbc-d576-443b-9d35-b9b50d62873a,https://www.carroya.com/detalle/usado/jeep/renegade/2019/cali/3921ecbc-d576-443b-9d35-b9b50d62873a,JEEP Renegade,Sport 1.8 Aut,$58.000.000,Cali,27.000 km,2019,usado,Cali,**0 Cali,Automática,Gasolina,1.800,Gris,5,,
7c50995c-1254-41a0-868b-3be93c101ee7,https://www.carroya.com/detalle/usado/mercedes-benz/clase-c/2011/bogota/7c50995c-1254-41a0-868b-3be93c101ee7,Mercedes Benz Clase C,180 CGI Aut,$43.000.000,Bogota,138.000 km,2011,usado,Bogota,**5 Bucaramanga,Automática,Gasolina,1.800,Negro,,,
ec5c1ee7-6299-415f-8b1d-92ba9a6a5a54,https://www.carroya.com/detalle/usado/ford/edge/2019/bogota/ec5c1ee7-6299-415f-8b1d-92ba9a6a5a54,Ford Edge,2.7 ST,$139.000.000,Bogota,64.000 km,2019,usado,Bogota,**7 Bogota,Secuencial,Gasolina,64.000,Blanco,5,,
2282090,https://www.carroya.com/detalle/usado/chery/yoya/2015/bogota/2282090,Chery Yoya,1.3 Pasajeros,$27.500.000,Bogota,83.000 km,2015,usado,Bogota,**0 Bogota,Mecánica,Gasolina,1.300,Azul,,,
2282405,https://www.carroya.com/detalle/usado/chevrolet/tracker/2013/bogota/2282405,Chevrolet Tracker,1.8 LS Automatica,$38.900.000,Bogota,73.000 km,2013,usado,Bogota,**2 Bogota,Automática,Gasolina,1.796,Vinotinto,,Airbags,
2281524,https://www.carroya.com/detalle/usado/toyota/hilux/2011/bogota/2281524,Toyota Hilux,,$94.900.000,Bogota,131.000 km,2011,usado,Bogota,**7 Bogota,Mecánica,Gasolina,2.700,Beige,,,Asistencia Hidráulica
2282404,https://www.carroya.com/detalle/usado/mazda/3/2018/bogota/2282404,Mazda 3,Touring 2.0 Sedan Automatico,$61.900.000,Bogota,62.000 km,2018,usado,Bogota,**1 Bogota,Automática,Gasolina,2.000,Rojo,,,Asistencia Hidráulica
eaf05bfb-d421-4370-989c-b092c447142d,https://www.carroya.com/detalle/usado/bmw/serie-1/2010/bogota/eaf05bfb-d421-4370-989c-b092c447142d,BMW Serie 1,120i M edition 5p Mecanico,$42.000.000,Bogota,105.600 km,2010,usado,Bogota,**2 Bogota,Mecánica,Gasolina,2.000,Plateado,,,
c93f0b3c-730a-480a-af07-ca80bd009e6c,https://www.carroya.com/detalle/usado/mercedes-benz/clase-a/2017/bogota/c93f0b3c-730a-480a-af07-ca80bd009e6c,Mercedes Benz Clase A,A45 AMG Aut,$120.000.000,Bogota,45.000 km,2017,usado,Bogota,**8 Bogota,Automática,Gasolina,2.000,Blanco,5,,
e18151c8-6b86-444f-94ca-5e4228268e98,https://www.carroya.com/detalle/usado/suzuki/swift/2022/bogota/e18151c8-6b86-444f-94ca-5e4228268e98,Suzuki Swift,,$65.000.000,Bogota,16.000 km,2022,usado,Bogota,**5 Bogota,Mecánica,Híbrido,1.200,Plateado,,,
16eee005-89bc-4c92-90bb-23a8180bae93,https://www.carroya.com/detalle/usado/renault/sandero/2022/bogota/16eee005-89bc-4c92-90bb-23a8180bae93,Renault Sandero,,$51.000.000,Bogota,8.500 km,2022,usado,Bogota,**8 Bogota,Mecánica,Gasolina,1.600,Gris,,,
8fa9cfa5-47ae-40f2-9e72-f596617c3518,https://www.carroya.com/detalle/usado/renault/logan/2019/bogota/8fa9cfa5-47ae-40f2-9e72-f596617c3518,Renault Logan,Exclusive,$48.000.000,Bogota,32.000 km,2019,usado,Bogota,**7 Bogota,Mecánica,Gasolina,1.600,Beige,4,,
2275051,https://www.carroya.com/detalle/usado/chevrolet/tracker/2014/medellin/2275051,Chevrolet Tracker,1.8 FWD LT Automatica,$50.000.000,Medellin,77.000 km,2014,usado,Medellin,**6 Medellin,Automática,Gasolina,1.800,Blanco,,,Asistencia Hidráulica
2281036,https://www.carroya.com/detalle/usado/chevrolet/optra/2008/medellin/2281036,Chevrolet Optra,1.6 Advance Mecanico Aire Acondicionado,$24.500.000,Medellin,105.000 km,2008,usado,Medellin,**6 Envigado,Mecánica,Gasolina,1.600,Plateado,,,
2275249,https://www.carroya.com/detalle/usado/chevrolet/aveo/2009/medellin/2275249,Chevrolet Aveo,1.6 4 Puertas Aire Acondicionado,$23.000.000,Medellin,176.000 km,2009,usado,Medellin,**3 Medellin,Mecánica,Gasolina,1.600,Gris,,,Asistencia Hidráulica
2275052,https://www.carroya.com/detalle/usado/renault/stepway/2017/medellin/2275052,,Dynamique,$47.000.000,Medellin,67.000 km,2017,usado,Medellin,**9 Medellin,Mecánica,Gasolina,1.600,Azul,,,Asistencia Hidráulica
2281893,https://www.carroya.com/detalle/usado/hyundai/getz/2006/medellin/2281893,Hyundai Getz,GL 5 Puertas 1.4 16V Mecanico,$18.500.000,Medellin,225.000 km,2006,usado,Medellin,**1 Sabaneta,Mecánica,Gasolina,1.400,Gris,,,Asistencia Hidráulica
78459a8d-9c72-49d5-b99f-1d61c7d5ceb7,https://www.carroya.com/detalle/usado/volkswagen/virtus/2022/tunja/78459a8d-9c72-49d5-b99f-1d61c7d5ceb7,Volkswagen Virtus,Highline,$65.000.000,Tunja,44.000 km,2022,usado,Tunja,**1 Tunja,Automática,Gasolina,1.600,Gris,null,,
ab1fd3f8-272e-48bd-8543-daee808bed07,https://www.carroya.com/detalle/usado/volkswagen/crossfox/2015/bogota/ab1fd3f8-272e-48bd-8543-daee808bed07,Volkswagen Crossfox,1.6 Wild,$42.100.000,Bogota,81.800 km,2015,usado,Bogota,**5 Bogota,Mecánica,Gasolina,1.600,Plateado,,,
22e7bfdd-9022-410f-9679-403dc20cbeef,https://www.carroya.com/detalle/usado/suzuki/swift/2023/bogota/22e7bfdd-9022-410f-9679-403dc20cbeef,Suzuki Swift,1.2 Hatchback Hybrid,$70.000.000,Bogota,8.900 km,2023,usado,Bogota,**0 Zipaquira,Mecánica,Gasolina,1.200,Plateado,5,,
4696fac4-1757-4963-a698-38023a785ae2,https://www.carroya.com/detalle/usado/kia/sportage/2022/cali/4696fac4-1757-4963-a698-38023a785ae2,KIA Sportage,2.0 4x4 Automatica,$118.000.000,Cali,14.600 km,2022,usado,Cali,**0 Cali,Automática,Gasolina,2.000,Blanco,,,
c4c47024-65aa-4efe-949e-d003fefbdf86,https://www.carroya.com/detalle/usado/kia/sportage/2022/cali/c4c47024-65aa-4efe-949e-d003fefbdf86,KIA Sportage,,$120.000.000,Cali,31.016 km,2022,usado,Cali,**2 Cali,Automática,Gasolina,1.900,Gris,,,
dc14ef5a-95bc-44cf-af5d-bea5da3f2ed1,https://www.carroya.com/detalle/usado/ford/ecosport/2017/bogota/dc14ef5a-95bc-44cf-af5d-bea5da3f2ed1,Ford Ecosport,,$42.000.000,Bogota,171.000 km,2017,usado,Bogota,**7 Bogota,Mecánica,Gasolina,2.000,Beige,,,
7acb8733-8565-48b2-abac-ec50fc6c534c,https://www.carroya.com/detalle/usado/toyota/crown/1978/bogota/7acb8733-8565-48b2-abac-ec50fc6c534c,Toyota Crown,,$16.000.000,Bogota,300 km,1978,usado,Bogota,**8 Medellin,Mecánica,Gasolina,2.600,Amarillo,,,
f52be678-0e88-42df-9b16-21c356107166,https://www.carroya.com/detalle/usado/ford/fiesta/2016/bogota/f52be678-0e88-42df-9b16-21c356107166,Ford Fiesta,1.6 Se Sporback Mecanico,$41.000.000,Bogota,42.700 km,2016,usado,Bogota,**3 Bogota,Mecánica,Gasolina,1.600,Plateado,,,
c56b942f-b436-4c49-ad47-c0ac5e28e4aa,https://www.carroya.com/detalle/usado/audi/q5/2012/bogota/c56b942f-b436-4c49-ad47-c0ac5e28e4aa,AUDI Q5,,$62.000.000,Bogota,85.000 km,2012,usado,Bogota,**0 Envigado,Automática,Gasolina,3.200,Negro,,,
2276993,https://www.carroya.com/detalle/usado/renault/twingo/2008/bogota/2276993,Renault Twingo,Dynamique 16V Serie Titanium,$17.900.000,Bogota,165.000 km,2008,usado,Bogota,**2 Bogota,Mecánica,Gasolina,1.200,Negro,,,Mecánica
2282551,https://www.carroya.com/detalle/usado/nissan/kicks/2018/bogota/2282551,Nissan Kicks,Advance,$62.500.000,Bogota,105.000 km,2018,usado,Bogota,**9 Bogota,Mecánica,Gasolina,1.600,Plateado,,Airbags,
2281366,https://www.carroya.com/detalle/usado/nissan/new-march/2019/bogota/2281366,Nissan New March,1.6 Sense,$42.900.000,Bogota,37.000 km,2019,usado,Bogota,**8 Bogota,Mecánica,Gasolina,1.600,Azul,,Airbags,
2281221,https://www.carroya.com/detalle/usado/nissan/x-trail-i/2016/bogota/2281221,Nissan X-trail I,4X4 MCVT Intelligent Lujo Sun roof,$79.800.000,Bogota,101.000 km,2016,usado,Bogota,**2 Bogota,Secuencial,Gasolina,2.500,Rojo,,Airbags,
2281409,https://www.carroya.com/detalle/usado/nissan/kicks/2019/bogota/2281409,Nissan Kicks,Exclusive Aut,$80.800.000,Bogota,39.600 km,2019,usado,Bogota,**6 Bogota,Secuencial,Gasolina,1.600,Gris,,Airbags,
2280844,https://www.carroya.com/detalle/usado/renault/logan/2009/bogota/2280844,Renault Logan,1.4 Familier Aire Acondicionado,$21.900.000,Bogota,148.000 km,2009,usado,Bogota,**0 Bogota,Mecánica,Gasolina,1.400,Plateado,,,Asistencia Hidráulica
2282590,https://www.carroya.com/detalle/usado/nissan/tiida/2012/bogota/2282590,Nissan Tiida,1.8 Premium Sedan Automatico Full Equipo,$29.500.000,Bogota,103.000 km,2012,usado,Bogota,**8 Bogota,Automática,Gasolina,1.800,Negro,,Airbags,
2279254,https://www.carroya.com/detalle/usado/renault/fluence/2012/bogota/2279254,Renault Fluence,1.6,$30.990.000,Bogota,134.000 km,2012,usado,Bogota,**9 Girardot,Mecánica,Gasolina,1.600,Blanco,,Airbags,
f2fd7eb8-85a7-42b7-b170-ce80096da8df,https://www.carroya.com/detalle/usado/mercedes-benz/clase-e/2013/bogota/f2fd7eb8-85a7-42b7-b170-ce80096da8df,Mercedes Benz Clase E,200,$64.500.000,Bogota,86.000 km,2013,usado,Bogota,**6 Bogota,Automática,Gasolina,1.800,Plateado,,,
af99e7ea-c33c-4c1f-8169-22087bba1182,https://www.carroya.com/detalle/usado/ford/fiesta/2019/garzon/af99e7ea-c33c-4c1f-8169-22087bba1182,Ford Fiesta,1.6 Powershift Titanium Sporback Automatico,$47.000.000,Garzon,72.000 km,2019,usado,Garzon,**3 Bogota,Automática,Gasolina,1.600,Gris,,,
512174d6-a701-4a52-bb57-a9478aafbb8e,https://www.carroya.com/detalle/usado/toyota/corolla/2022/medellin/512174d6-a701-4a52-bb57-a9478aafbb8e,Toyota Corolla,GR-S 2.0 Deportivo Manual Gasolina,$80.500.000,Medellin,38.000 km,2022,usado,Medellin,**1 Medellin,Mecánica,Gasolina,2.000,Blanco,5,,
2282293,https://www.carroya.com/detalle/usado/nissan/sentra/2016/bogota/2282293,Nissan Sentra,1.8 Advance CVT Full Equipo,$56.000.000,Bogota,42.070 km,2016,usado,Bogota,**8 Bogota,Secuencial,Gasolina,1.800,Rojo,,Airbags,
2281837,https://www.carroya.com/detalle/usado/fiat/uno/2021/bogota/2281837,Fiat Uno,Attractive 1.4 5 Puertas,$39.000.000,Bogota,52.825 km,2021,usado,Bogota,**8 Madrid,Mecánica,Gasolina,1.400,Negro,,Airbags,
2281895,https://www.carroya.com/detalle/usado/jetour/x70/2023/bogota/2281895,JETOUR X70,Deluxe 1.5 SUV Mecánico Gasolina,$89.900.000,Bogota,8.700 km,2023,usado,Bogota,**3 Envigado,Mecánica,Gasolina,1.500,Azul,,Airbags,
2282424,https://www.carroya.com/detalle/usado/renault/duster-oroch/2020/bogota/2282424,Renault Duster Oroch,,$70.000.000,Bogota,72.000 km,2020,usado,Bogota,**1 Girardot,Mecánica,Gasolina,2.000,Gris,,Airbags,
2281829,https://www.carroya.com/detalle/usado/chevrolet/onix/2021/bogota/2281829,Chevrolet Onix,1.0 Turbo LT Sedan Automatico,$59.000.000,Bogota,39.000 km,2021,usado,Bogota,**3 Bogota,Secuencial,Gasolina,1.000,Plateado,,Airbags,
b4741e12-4664-4aa8-88cb-2c21a2f871a5,https://www.carroya.com/detalle/usado/ford/fiesta/2011/bogota/b4741e12-4664-4aa8-88cb-2c21a2f871a5,Ford Fiesta,,$28.000.000,Bogota,95.600 km,2011,usado,Bogota,**6 Bogota,Automática,Gasolina,1.600,Negro,,,
404fde21-52d1-4a9d-8df3-989aa80b5c7f,https://www.carroya.com/detalle/usado/toyota/rav-4/2019/bogota/404fde21-52d1-4a9d-8df3-989aa80b5c7f,Toyota Rav 4,,,Bogota,52.800 km,2019,usado,Bogota,**5 Bogota,Automática,Gasolina,2.500,Blanco,,,
c9a49562-f751-4d67-9ce9-99f3d7fe6b08,https://www.carroya.com/detalle/usado/mazda/cx-30/2022/cali/c9a49562-f751-4d67-9ce9-99f3d7fe6b08,Mazda CX-30,Touring 2.0 Suv Manual 4x2,$98.000.000,Cali,36.000 km,2022,usado,Cali,**9 Cali,Mecánica,Gasolina,2.000,Gris,null,,
c1ae45a9-2ff4-4a63-943f-998421c766e4,https://www.carroya.com/detalle/usado/renault/koleos/2014/palmira/c1ae45a9-2ff4-4a63-943f-998421c766e4,Renault Koleos,,$55.000.000,Palmira,86.900 km,2014,usado,Palmira,**4 Cali,Automática,Gasolina,2.500,Blanco,,,
0ffa338c-e9cc-46e5-b12e-9e636d3d822e,https://www.carroya.com/detalle/usado/ford/bronco/2023/bogota/0ffa338c-e9cc-46e5-b12e-9e636d3d822e,Ford Bronco,2.0 Wildtrack 4x4,$144.000.000,Bogota,4.800 km,2023,usado,Bogota,**5 Chia,Automática,Gasolina,2.000,Gris,5,,
2282526,https://www.carroya.com/detalle/usado/renault/kwid/2024/cali/2282526,Renault Kwid,Intens,$41.500.000,Cali,15.000 km,2024,usado,Cali,**7 Cali,Mecánica,Gasolina,999,Rojo,,Airbags,
2282458,https://www.carroya.com/detalle/usado/renault/sandero/2018/cali/2282458,Renault Sandero,Expression ABS,$42.000.000,Cali,126.764 km,2018,usado,Cali,**1 Cali,Mecánica,Gasolina,1.600,Rojo,,,Asistencia Hidráulica
2281985,https://www.carroya.com/detalle/usado/renault/logan/2019/cali/2281985,Renault Logan,Exclusive Aut,$45.000.000,Cali,83.832 km,2019,usado,Cali,**1 Cali,Automática,Gasolina,1.600,Plateado,,Airbags,
2282497,https://www.carroya.com/detalle/usado/renault/clio/2016/cali/2282497,Renault Clio,Campus 1.2 Mecanico Aire Acondicionado,$33.000.000,Cali,88.901 km,2016,usado,Cali,**3 Cali,Mecánica,Gasolina,1.149,Gris,,,Asistencia Hidráulica
a504af1d-6029-4597-9f56-c9fd489fc340,https://www.carroya.com/detalle/usado/hyundai/santafe/2004/jamundi/a504af1d-6029-4597-9f56-c9fd489fc340,Hyundai Santafe,2.7 4x4 Automatica,$32.000.000,Jamundi,199.249 km,2004,usado,Jamundi,**8 Envigado,Automática,Gasolina,2.700,Plateado,,,
941788d3-4b44-4b7b-b32c-8441010e8538,https://www.carroya.com/detalle/usado/mercedes-benz/clase-gle/2022/cali/941788d3-4b44-4b7b-b32c-8441010e8538,Mercedes Benz Clase GLE,.,$415.000.000,Cali,10.800 km,2022,usado,Cali,**1 Cali,Automática,Gasolina,30,Negro,,,
08f29fcd-9ff8-4faa-af57-e0c070bee604,https://www.carroya.com/detalle/usado/mazda/3/2017/bogota/08f29fcd-9ff8-4faa-af57-e0c070bee604,Mazda 3,2.0 Sport Grand Touring Aut,$63.000.000,Bogota,73.000 km,2017,usado,Bogota,**4 Bogota,Automática,Gasolina,2.000,Blanco,5,,
09379fa9-14b0-410f-9cb9-b778fb992b81,https://www.carroya.com/detalle/usado/hyundai/santafe/2016/bogota/09379fa9-14b0-410f-9cb9-b778fb992b81,Hyundai Santafe,,$83.000.000,Bogota,67.000 km,2016,usado,Bogota,**7 Bogota,Automática,Gasolina,2.299,Plateado,,,
4c599a5c-460c-428d-852f-76d19da689ee,https://www.carroya.com/detalle/usado/ford/fiesta/2017/cali/4c599a5c-460c-428d-852f-76d19da689ee,Ford Fiesta,,$38.900.000,Cali,86.000 km,2017,usado,Cali,**6 Cali,Automática,Gasolina,1.600,Gris,,,
c4421f7c-2dc9-42b2-8940-83f77f7115fe,https://www.carroya.com/detalle/usado/chevrolet/tracker/2020/bogota/c4421f7c-2dc9-42b2-8940-83f77f7115fe,Chevrolet Tracker,,$59.500.000,Bogota,62.500 km,2020,usado,Bogota,**3 Funza,Mecánica,Gasolina,1.800,Blanco,,,
7b9e63aa-f8df-426b-8fc4-627787514b8c,https://www.carroya.com/detalle/usado/chevrolet/sail/2020/bogota/7b9e63aa-f8df-426b-8fc4-627787514b8c,Chevrolet Sail,GT Mecanico Full Equipo,$37.500.000,Bogota,45.000 km,2020,usado,Bogota,**0 Bogota,Mecánica,Gasolina,1,Gris,,,
224e6568-b5c5-4512-a2b4-53a2a731162a,https://www.carroya.com/detalle/usado/nissan/versa/2016/cali/224e6568-b5c5-4512-a2b4-53a2a731162a,Nissan Versa,Advance,$40.000.000,Cali,112.328 km,2016,usado,Cali,**7 Cali,Mecánica,Gasolina,1.600,Blanco,,,
8f6e59d3-8a35-4c25-90a5-6a54babf8ebc,https://www.carroya.com/detalle/usado/toyota/prado/2012/bogota/8f6e59d3-8a35-4c25-90a5-6a54babf8ebc,Toyota Prado,TX 2.8 Suv Automatico Diesel,$145.000.000,Bogota,191.000 km,2012,usado,Bogota,**2 Bogota,Automática,Diesel,0,Gris,,,
809517bf-faa8-4580-a21d-dae05c230c7e,https://www.carroya.com/detalle/usado/chevrolet/onix/2021/bogota/809517bf-faa8-4580-a21d-dae05c230c7e,Chevrolet Onix,1.0 Turbo LTZ Sedan Automatico,$57.000.000,Bogota,22.000 km,2021,usado,Bogota,**9 Bogota,Automática,Gasolina,10,Gris,5,,
86775539-0872-4a48-937c-1ec6fdbcbbdd,https://www.carroya.com/detalle/usado/citroen/c-elysee/2016/bogota/86775539-0872-4a48-937c-1ec6fdbcbbdd,Citroen C-Elysee,1.6 Exclusive VTi 115,$38.500.000,Bogota,46.400 km,2016,usado,Bogota,**7 Bogota,Mecánica,Gasolina,1.600,Azul,4,,
ed24e725-4c29-4d2f-bf4f-cdb757c109d3,https://www.carroya.com/detalle/usado/mercedes-benz/clase-c/2013/bogota/ed24e725-4c29-4d2f-bf4f-cdb757c109d3,Mercedes Benz Clase C,200 Advantgarde,$55.000.000,Bogota,86.000 km,2013,usado,Bogota,**0 Bogota,Automática,Gasolina,1.796,Blanco,,,
f1131c81-f7e3-4566-8f02-98b5aba78584,https://www.carroya.com/detalle/usado/fiat/500/2013/la-ceja/f1131c81-f7e3-4566-8f02-98b5aba78584,Fiat 500,1.4 Lounge Automatico,$42.000.000,La ceja,72.200 km,2013,usado,La ceja,**2 Bogota,Automática,Gasolina,1.399,Plateado,,,
1a02ffae-adf9-4476-b4d9-3ab159d4cd7c,https://www.carroya.com/detalle/usado/citroen/c4/2020/floridablanca/1a02ffae-adf9-4476-b4d9-3ab159d4cd7c,Citroen C4,1.6 Feel Aut,$62.000.000,Floridablanca,30.100 km,2020,usado,Floridablanca,**5 Villa del rosario,Automática,Gasolina,1.600,Rojo,,,
ef9b3ee8-5d55-4e9e-a459-d6dc6d954f61,https://www.carroya.com/detalle/usado/mini/cooper/2020/chia/ef9b3ee8-5d55-4e9e-a459-d6dc6d954f61,Mini Cooper,Salt,$118.000.000,Chia,32.000 km,2020,usado,Chia,**2 Bogota,Automática,Gasolina,2.000,Verde,,,
bd743b76-f6c9-45ea-9fd3-6b1e5d253799,https://www.carroya.com/detalle/usado/mazda/3/2020/pereira/bd743b76-f6c9-45ea-9fd3-6b1e5d253799,Mazda 3,2.0 Sedan Automatico,$72.000.000,Pereira,76.000 km,2020,usado,Pereira,**7 Manizales,Automática,Gasolina,2.000,Rojo,,,
31cdc481-6bc9-4025-9768-ccd05c078c25,https://www.carroya.com/detalle/usado/citroen/c4/2022/manizales/31cdc481-6bc9-4025-9768-ccd05c078c25,Citroen C4,1.6 Feel Aut,$71.999.000,Manizales,29.995 km,2022,usado,Manizales,**3 Mosquera,Automática,Gasolina,1.600,Gris,,,
046b29e9-4ee1-4224-84db-d3c43ee870d4,https://www.carroya.com/detalle/usado/renault/twingo/2011/bogota/046b29e9-4ee1-4224-84db-d3c43ee870d4,Renault Twingo,Access +,$26.000.000,Bogota,52.300 km,2011,usado,Bogota,**2 Bogota,Mecánica,Gasolina,1.100,Gris,,,
bb9f93e4-0a20-4eeb-9746-d52547169ad5,https://www.carroya.com/detalle/usado/chevrolet/blazer/2023/chia/bb9f93e4-0a20-4eeb-9746-d52547169ad5,Chevrolet Blazer,4x4 Automatica,$175.000.000,Chia,19.000 km,2023,usado,Chia,**7 Chia,Automática,Gasolina,3.600,Rojo,,,
916b7fe2-66c3-4c8e-9d54-f12801c7474a,https://www.carroya.com/detalle/usado/kia/picanto/2022/cali/916b7fe2-66c3-4c8e-9d54-f12801c7474a,KIA Picanto,X-line 1.25 Hatchback Manual,$56.400.000,Cali,15.000 km,2022,usado,Cali,**6 Cali,Mecánica,Gasolina,1.250,Blanco,4,,
1c7f852c-9a12-4239-96c9-0463ce54538e,https://www.carroya.com/detalle/usado/kia/cerato-forte/2013/bogota/1c7f852c-9a12-4239-96c9-0463ce54538e,KIA Cerato Forte,,$38.000.000,Bogota,118.000 km,2013,usado,Bogota,**0 Bogota,Mecánica,Gasolina,1.600,Blanco,,,
864c0418-62dd-4218-b09c-80ee2f51e5a2,https://www.carroya.com/detalle/usado/toyota/corolla/2021/bogota/864c0418-62dd-4218-b09c-80ee2f51e5a2,Toyota Corolla,1.8 CVT SEG,$92.400.000,Bogota,62.000 km,2021,usado,Bogota,**2 Cartagena,Automática,Híbrido,1.800,Blanco,4,,
4d724466-3f5c-4590-863e-26743c31e082,https://www.carroya.com/detalle/usado/hyundai/tucson/2013/barranquilla/4d724466-3f5c-4590-863e-26743c31e082,Hyundai Tucson,,$45.000.000,Barranquilla,135.000 km,2013,usado,Barranquilla,**5 Bogota,Automática,Gasolina,2.000,Otro,,,
29dbc720-48b3-42e7-9558-22820fad0dba,https://www.carroya.com/detalle/usado/toyota/fortuner/2020/bogota/29dbc720-48b3-42e7-9558-22820fad0dba,Toyota Fortuner,2.7 SRV Aut street,$164.000.000,Bogota,41.000 km,2020,usado,Bogota,**0 Funza,,Sin Especificar,0,Gris,,,
a8a04e57-f899-48fe-8695-b5a71133b346,https://www.carroya.com/detalle/usado/mazda/cx-3/2017/bogota/a8a04e57-f899-48fe-8695-b5a71133b346,Mazda CX-3,Touring Aut,$71.000.000,Bogota,43.000 km,2017,usado,Bogota,**4 Bogota,Automática,Gasolina,2.000,Rojo,5,,
b7edf0be-f151-4257-b58d-0586a74e7fc4,https://www.carroya.com/detalle/usado/jeep/renegade/2022/bucaramanga/b7edf0be-f151-4257-b58d-0586a74e7fc4,JEEP Renegade,Sport Plus 1.8,$80.000.000,Bucaramanga,23.000 km,2022,usado,Bucaramanga,**2 Bogota,Automática,Gasolina,1.800,Gris,,,
3554e361-2506-45f3-a665-3b95af3d5314,https://www.carroya.com/detalle/usado/ford/fusion/2014/medellin/3554e361-2506-45f3-a665-3b95af3d5314,Ford Fusion,Titanium Gasolina,$53.000.000,Medellin,75.000 km,2014,usado,Medellin,**7 Medellin,Automática,Gasolina,2.000,Negro,,,
f8463baf-7355-4914-85a0-ed8f52103161,https://www.carroya.com/detalle/usado/dfsk/van/2015/bogota/f8463baf-7355-4914-85a0-ed8f52103161,DFSK Van,1.3 7 pasajeros,$35.000.000,Bogota,257.300 km,2015,usado,Bogota,**3 Bogota,Mecánica,Gas natural,1.300,Blanco,,,
dba9a4d6-0c96-4589-8a3d-0dc9f5109f16,https://www.carroya.com/detalle/usado/jeep/comando/1954/bogota/dba9a4d6-0c96-4589-8a3d-0dc9f5109f16,JEEP Comando,Americano,$58.000.000,Bogota,50.000 km,1954,usado,Bogota,**6 Quibdo,Mecánica,Gasolina,0,Verde,,,
6c46c566-92e1-4184-873e-6cf4bc7313a1,https://www.carroya.com/detalle/usado/nissan/x-trail/2019/bogota/6c46c566-92e1-4184-873e-6cf4bc7313a1,Nissan X-Trail,Advance,$89.000.000,Bogota,62.500 km,2019,usado,Bogota,**2 Bogota,Automática,Gasolina,2.500,Plateado,5,,
db768852-04db-4516-a7fe-6d9a2ddc9d1e,https://www.carroya.com/detalle/usado/nissan/versa/2020/bogota/db768852-04db-4516-a7fe-6d9a2ddc9d1e,Nissan Versa,Sense Aut,$60.800.000,Bogota,25.870 km,2020,usado,Bogota,**8 Bogota,Automática,Gasolina,1.598,Rojo,4,,
c9a0bf4d-09d6-4544-a705-28f50fe8107e,https://www.carroya.com/detalle/usado/renault/clio/2007/cali/c9a0bf4d-09d6-4544-a705-28f50fe8107e,Renault Clio,1.4 Dynamique,$18.900.000,Cali,118.000 km,2007,usado,Cali,**4 Bogota,Mecánica,Gasolina,0,Plateado,,,
f674328c-d998-4a29-8bb0-8da5e00158bb,https://www.carroya.com/detalle/usado/nissan/qashqai/2016/cali/f674328c-d998-4a29-8bb0-8da5e00158bb,Nissan Qashqai,2.0 Automatica Full Equipo,$62.500.000,Cali,66.500 km,2016,usado,Cali,**0 Cali,Automática,Gasolina,2.000,Negro,,,
